date,supermarket,category,actual_prices,forecasted_prices,min_expected_price,max_expected_price
2024-03-25,Aldi,food_cupboard,1.3811361981063364,1.4082843958261582,1.3551712569810608,1.4613975346712555
2024-03-26,Aldi,food_cupboard,1.375862800565771,1.3885459291574538,1.3190344015649065,1.458057456750001
2024-03-27,Aldi,food_cupboard,1.38493353028065,1.3987961077945998,1.3242979955025527,1.473294220086647
2024-03-28,Aldi,food_cupboard,1.378753644314869,1.3984814190595027,1.3095758732753549,1.4873869648436506
2024-03-29,Aldi,food_cupboard,1.3881263776634827,1.3937453833079434,1.2977717374698932,1.4897190291459936
2024-03-30,Aldi,food_cupboard,1.386326230712711,1.398533410282857,1.2954709213363726,1.5015958992293414
2024-03-31,Aldi,food_cupboard,1.3764128943758573,1.3961798728852033,1.2847868511285274,1.5075728946418792
2024-04-01,Aldi,food_cupboard,1.2659670487106016,1.3961262107587753,1.278758768571744,1.5134936529458065
2024-04-02,Aldi,food_cupboard,1.2575342465753425,1.3973368319599204,1.2733928527179244,1.5212808112019165
2024-04-03,Aldi,food_cupboard,1.2535237388724036,1.3961789097697128,1.2660508102590051,1.5263070092804205
2024-04-04,Aldi,food_cupboard,1.2491020999275888,1.3967159631132604,1.2610342312583402,1.5323976949681806
2024-04-05,Aldi,food_cupboard,1.2556320224719102,1.3967603621527387,1.2553870958185933,1.538133628486884
2024-04-06,Aldi,food_cupboard,1.2404651162790699,1.3964526551353202,1.2497857766865534,1.543119533584087
2024-04-07,Aldi,food_cupboard,1.1996848137535816,1.39673183137352,1.244952477240405,1.548511185506635
2024-04-08,Aldi,food_cupboard,1.2050852272727273,1.3966101343914803,1.2398067759776799,1.5534134928052807
2024-04-09,Aldi,food_cupboard,1.2038935574229692,1.3965918117283023,1.2349962744592133,1.5581873489973912
2024-04-10,Aldi,food_cupboard,1.2191450980392158,1.396669620885029,1.230384277377344,1.5629549643927143
2024-04-11,Aldi,food_cupboard,1.2266015037593985,1.3966025178212425,1.2257548427095388,1.567450192932946
2024-04-12,Aldi,food_cupboard,1.2228878990348924,1.3966298753047501,1.221356413201754,1.5719033374077462
2024-04-13,Aldi,food_cupboard,1.2192410714285715,1.3966361319461846,1.2170294531990042,1.576242810693365
2024-03-25,Aldi,health_products,1.8723015873015874,1.9040544246195767,1.8377876341931183,1.9703212150460352
2024-03-26,Aldi,health_products,1.9417194570135747,1.8748376955218364,1.8078421244818095,1.9418332665618634
2024-03-27,Aldi,health_products,1.9062109375,1.8763662837743582,1.8086497749708588,1.9440827925778577
2024-03-28,Aldi,health_products,1.9387022900763358,1.8829000256093174,1.8144701740086486,1.951329877209986
2024-03-29,Aldi,health_products,1.896420233463035,1.8885043853745906,1.8193685508483144,1.957640219900867
2024-03-30,Aldi,health_products,1.896420233463035,1.8900329736271124,1.820198292835977,1.9598676544182478
2024-03-31,Aldi,health_products,1.8834883720930233,1.8891030026231292,1.8185764000766085,1.95962960516965
2024-04-01,Aldi,health_products,1.8759437751004016,1.8866893437497902,1.8161048374081812,1.9572738500913993
2024-04-02,Aldi,health_products,1.8759437751004016,1.8938232002627513,1.8227908035239733,1.9648555970015293
2024-04-03,Aldi,health_products,1.862429149797571,1.8950585268299394,1.8235810461984725,1.9665360074614062
2024-04-04,Aldi,health_products,1.8953658536585365,1.8953336080383671,1.8234137979135605,1.9672534181631738
2024-04-05,Aldi,health_products,1.8791463414634149,1.89578699243055,1.8234275566992317,1.9681464281618681
2024-04-06,Aldi,health_products,1.8737246963562753,1.897022318997738,1.8242259125594988,1.9698187254359771
2024-04-07,Aldi,health_products,1.8858704453441295,1.8987293234218414,1.8254985536506052,1.9719600931930776
2024-04-08,Aldi,health_products,1.8858704453441295,1.9007209753331662,1.826754940553548,1.9746870101127845
2024-04-09,Aldi,health_products,1.880860655737705,1.9008809237440116,1.8264476487473167,1.9753141987407066
2024-04-10,Aldi,health_products,1.8611065573770493,1.9021725129548142,1.8272749125096228,1.9770701134000055
2024-04-11,Aldi,health_products,1.8593415637860082,1.9036483265123492,1.8282892615091164,1.979007391515582
2024-04-12,Aldi,health_products,1.8656326530612244,1.9050899323673967,1.8292722114581306,1.9809076532766627
2024-04-13,Aldi,health_products,1.92212,1.9063815215781992,1.8301079027471165,1.9826551404092818
2024-03-25,Aldi,fresh_food,2.393127906976744,2.3968243691295994,2.270764687589387,2.522884050669812
2024-03-26,Aldi,fresh_food,2.3913224107665303,2.3975869966966203,2.271503987015619,2.5236700063776216
2024-03-27,Aldi,fresh_food,2.4069873722188815,2.3975869966966203,2.266203072105676,2.5289709212875646
2024-03-28,Aldi,fresh_food,2.385955259975816,2.3975869966966203,2.261107892246091,2.5340661011471495
2024-03-29,Aldi,fresh_food,2.400894117647059,2.3975869966966203,2.2561962039896057,2.538977789403635
2024-03-30,Aldi,fresh_food,2.3809447004608293,2.3975869966966203,2.2514495046796243,2.5437244887136163
2024-03-31,Aldi,fresh_food,2.4248307134220073,2.3975869966966203,2.246852206804847,2.5483217865883936
2024-04-01,Aldi,fresh_food,2.400079510703364,2.3975869966966203,2.242391032849565,2.552782960543676
2024-04-02,Aldi,fresh_food,2.245609756097561,2.3975869966966203,2.238054562674206,2.557119430719035
2024-04-03,Aldi,fresh_food,2.261651090342679,2.3975869966966203,2.233832888913592,2.5613411044796486
2024-04-04,Aldi,fresh_food,2.3197885196374624,2.3975869966966203,2.2297173504632553,2.5654566429299854
2024-04-05,Aldi,fresh_food,2.332769416014449,2.3975869966966203,2.2257003234574926,2.569473669935748
2024-04-06,Aldi,fresh_food,2.3244418052256535,2.3975869966966203,2.2217750552708058,2.573398938122435
2024-04-07,Aldi,fresh_food,2.324024970273484,2.3975869966966203,2.2179355311901747,2.577238462203066
2024-04-08,Aldi,fresh_food,2.3213139120095128,2.3975869966966203,2.214176366226865,2.5809976271663757
2024-04-09,Aldi,fresh_food,2.3216894705532423,2.3975869966966203,2.21049271650609,2.5846812768871508
2024-04-10,Aldi,fresh_food,2.2364264619019494,2.3975869966966203,2.2068802060710313,2.5882937873222094
2024-04-11,Aldi,fresh_food,2.2601719901719903,2.3975869966966203,2.203334865945342,2.5918391274478987
2024-04-12,Aldi,fresh_food,2.479425925925926,2.3975869966966203,2.19985308303457,2.5953209103586707
2024-04-13,Aldi,fresh_food,2.2326557773744704,2.3975869966966203,2.1964315569918718,2.598742436401369
2024-03-25,ASDA,food_cupboard,2.276647853600137,2.116855366862719,1.9757092578531097,2.2580014758723284
2024-03-26,ASDA,food_cupboard,2.067659010600707,2.13813173744974,1.9940981250553405,2.2821653498441394
2024-03-27,ASDA,food_cupboard,2.138092712966131,2.1216916179946548,1.9759612799168758,2.267421956072434
2024-03-28,ASDA,food_cupboard,2.2468747940691927,2.134394796226676,1.9876607721180137,2.281128820335338
2024-03-29,ASDA,food_cupboard,2.0675492568268234,2.124579129276362,1.9772491086093167,2.271909149943407
2024-03-30,ASDA,food_cupboard,2.2738145061181063,2.1321636341868437,1.9844789170944568,2.279848351279231
2024-03-31,ASDA,food_cupboard,2.1704722314599265,2.1263031343320393,1.9784070492845776,2.274199219379501
2024-04-01,ASDA,food_cupboard,2.063810338925026,2.1308315061840633,1.9828093665937585,2.278853645774368
2024-04-02,ASDA,food_cupboard,2.080366144414169,2.1273324613690736,1.979235111349465,2.275429811388682
2024-04-03,ASDA,food_cupboard,2.025414918840051,2.1300361515732766,1.9818939149431556,2.278178388203398
2024-04-04,ASDA,food_cupboard,2.080777230432403,2.127947026938751,1.9797779969852611,2.276116056892241
2024-04-05,ASDA,food_cupboard,2.21171075530804,2.1295612805732085,1.9813762558230985,2.2777463053233187
2024-04-06,ASDA,food_cupboard,2.068614877244412,2.1283139568121965,1.9801193831007282,2.2765085305236648
2024-04-07,ASDA,food_cupboard,2.0552068599717113,2.1292777561381357,1.9810774814582433,2.2774780308180285
2024-04-08,ASDA,food_cupboard,2.05654162200786,2.1285330343828734,1.9803293560118698,2.276736712753877
2024-04-09,ASDA,food_cupboard,2.0441125954198474,2.129108476259449,1.9809027657325513,2.2773141867863473
2024-04-10,ASDA,food_cupboard,2.218044428259286,2.1286638358941357,1.9804569120702722,2.2768707597179993
2024-04-11,ASDA,food_cupboard,2.2612986348122863,2.1290074067437974,1.9807997585188062,2.2772150549687886
2024-04-12,ASDA,food_cupboard,2.068126279863481,2.1287419316813745,1.9805338509502526,2.2769500124124966
2024-04-13,ASDA,food_cupboard,2.2278500881834216,2.128947062613867,1.9807387236530982,2.277155401574636
2024-03-25,ASDA,health_products,6.774112446157334,7.044464220981882,6.604038343738153,7.484890098225612
2024-03-26,ASDA,health_products,6.634536954585931,7.044464220981882,6.599865358089736,7.489063083874028
2024-03-27,ASDA,health_products,7.000050146259924,7.044464220981882,6.595731177375697,7.493197264588067
2024-03-28,ASDA,health_products,6.698702104097452,7.044464220981882,6.591634738766832,7.497293703196933
2024-03-29,ASDA,health_products,6.709891122278057,7.044464220981882,6.587575027082276,7.501353414881488
2024-03-30,ASDA,health_products,7.431580115401686,7.044464220981882,6.583551071851471,7.505377370112293
2024-03-31,ASDA,health_products,6.620259067357513,7.044464220981882,6.579561944605015,7.50936649735875
2024-04-01,ASDA,health_products,6.64611320754717,7.044464220981882,6.575606756372995,7.513321685590769
2024-04-02,ASDA,health_products,7.186327327979163,7.044464220981882,6.571684655371698,7.517243786592067
2024-04-03,ASDA,health_products,6.611055652607936,7.044464220981882,6.5677948248616405,7.521133617102124
2024-04-04,ASDA,health_products,7.335177058440148,7.044464220981882,6.563936481161676,7.5249919608020885
2024-04-05,ASDA,health_products,7.224303999999999,7.044464220981882,6.560108871805477,7.528819570158287
2024-04-06,ASDA,health_products,6.779268077601411,7.044464220981882,6.556311273828147,7.5326171681356175
2024-04-07,ASDA,health_products,7.034169520547945,7.044464220981882,6.552542992171864,7.536385449791901
2024-04-08,ASDA,health_products,6.717843537414966,7.044464220981882,6.548803358200646,7.540125083763118
2024-04-09,ASDA,health_products,7.070814419225634,7.044464220981882,6.5450917283152155,7.543836713648549
2024-04-10,ASDA,health_products,6.981376045794804,7.044464220981882,6.541407482659851,7.547520959303913
2024-04-11,ASDA,health_products,6.9652345132743365,7.044464220981882,6.537750023913869,7.551178418049895
2024-04-12,ASDA,health_products,6.886950339995879,7.044464220981882,6.53411877616106,7.554809665802704
2024-04-13,ASDA,health_products,7.2627643596509035,7.044464220981882,6.530513183831023,7.558415258132741
2024-03-25,ASDA,fresh_food,2.978240813135262,3.0015625441719007,2.6406887508746815,3.36243633746912
2024-03-26,ASDA,fresh_food,3.0815666108586464,3.0015625441719007,2.6406887508746815,3.36243633746912
2024-03-27,ASDA,fresh_food,3.102236612702366,3.0015625441719007,2.6406887508746815,3.36243633746912
2024-03-28,ASDA,fresh_food,2.8803595080416273,3.0015625441719007,2.6406887508746815,3.36243633746912
2024-03-29,ASDA,fresh_food,3.001346346346346,3.0015625441719007,2.6406887508746815,3.36243633746912
2024-03-30,ASDA,fresh_food,3.3538619445071056,3.0015625441719007,2.6406887508746815,3.36243633746912
2024-03-31,ASDA,fresh_food,3.0245487894350696,3.0015625441719007,2.6406887508746815,3.36243633746912
2024-04-01,ASDA,fresh_food,2.9619918504314477,3.0015625441719007,2.6406887508746815,3.36243633746912
2024-04-02,ASDA,fresh_food,3.125900747790619,3.0015625441719007,2.6406887508746815,3.36243633746912
2024-04-03,ASDA,fresh_food,2.9340654324118693,3.0015625441719007,2.6406887508746815,3.36243633746912
2024-04-04,ASDA,fresh_food,2.8902981651376147,3.0015625441719007,2.6406887508746815,3.36243633746912
2024-04-05,ASDA,fresh_food,3.2968835616438357,3.0015625441719007,2.6406887508746815,3.36243633746912
2024-04-06,ASDA,fresh_food,3.198133299924831,3.0015625441719007,2.6406887508746815,3.36243633746912
2024-04-07,ASDA,fresh_food,3.0460079051383397,3.0015625441719007,2.6406887508746815,3.36243633746912
2024-04-08,ASDA,fresh_food,2.9180756501182032,3.0015625441719007,2.6406887508746815,3.36243633746912
2024-04-09,ASDA,fresh_food,2.919247524752475,3.0015625441719007,2.6406887508746815,3.36243633746912
2024-04-10,ASDA,fresh_food,3.040950552088334,3.0015625441719007,2.6406887508746815,3.36243633746912
2024-04-11,ASDA,fresh_food,2.920694242864054,3.0015625441719007,2.6406887508746815,3.36243633746912
2024-04-12,ASDA,fresh_food,2.848052413793104,3.0015625441719007,2.6406887508746815,3.36243633746912
2024-04-13,ASDA,fresh_food,3.0656094557990645,3.0015625441719007,2.6406887508746815,3.36243633746912
2024-03-29,Morrisons,food_cupboard,2.264215511079342,2.2908553373203233,2.1292267142702577,2.452483960370389
2024-03-30,Morrisons,food_cupboard,2.2839337175792505,2.2879974406916386,2.123018734767477,2.4529761466158
2024-03-31,Morrisons,food_cupboard,2.2903270856302833,2.2879974406916386,2.123018734767477,2.4529761466158
2024-04-01,Morrisons,food_cupboard,2.228992066354129,2.2879974406916386,2.123018734767477,2.4529761466158
2024-04-02,Morrisons,food_cupboard,2.2254589285714284,2.2879974406916386,2.123018734767477,2.4529761466158
2024-04-03,Morrisons,food_cupboard,2.222297517666244,2.2879974406916386,2.123018734767477,2.4529761466158
2024-04-04,Morrisons,food_cupboard,2.2222831215970964,2.2879974406916386,2.123018734767477,2.4529761466158
2024-04-05,Morrisons,food_cupboard,2.221956399173088,2.2879974406916386,2.123018734767477,2.4529761466158
2024-04-06,Morrisons,food_cupboard,2.2258564467766115,2.2879974406916386,2.123018734767477,2.4529761466158
2024-04-07,Morrisons,food_cupboard,2.195147774036663,2.2879974406916386,2.123018734767477,2.4529761466158
2024-04-08,Morrisons,food_cupboard,2.1972215930539827,2.2879974406916386,2.123018734767477,2.4529761466158
2024-04-09,Morrisons,food_cupboard,2.198090993500464,2.2879974406916386,2.123018734767477,2.4529761466158
2024-04-10,Morrisons,food_cupboard,2.4669450317124735,2.2879974406916386,2.123018734767477,2.4529761466158
2024-04-11,Morrisons,food_cupboard,2.2426046006158304,2.2879974406916386,2.123018734767477,2.4529761466158
2024-04-12,Morrisons,food_cupboard,2.231102900424903,2.2879974406916386,2.123018734767477,2.4529761466158
2024-04-13,Morrisons,food_cupboard,2.244176677139161,2.2879974406916386,2.123018734767477,2.4529761466158
2024-03-29,Morrisons,health_products,6.098972439605308,6.453257877490205,5.802121697494021,7.104394057486388
2024-03-30,Morrisons,health_products,6.155292022792024,6.538076686723258,5.867277970643728,7.208875402802788
2024-03-31,Morrisons,health_products,6.209835706462213,6.559077936667167,5.887092497649525,7.231063375684809
2024-04-01,Morrisons,health_products,6.166737687740133,6.564277874077213,5.892219749498955,7.236335998655471
2024-04-02,Morrisons,health_products,6.103711233631978,6.565565385493944,5.893502805080035,7.237627965907852
2024-04-03,Morrisons,health_products,6.241705710102489,6.565884175032643,5.893821321448371,7.237947028616915
2024-04-04,Morrisons,health_products,6.277888766922796,6.565963107746297,5.8939002374149325,7.238025978077662
2024-04-05,Morrisons,health_products,6.151244413887935,6.56598265159115,5.89391978023308,7.2380455229492195
2024-04-06,Morrisons,health_products,6.155509915014164,6.5659874906731215,5.893924619252108,7.2380503620941345
2024-04-07,Morrisons,health_products,6.199841669665347,6.565988688836252,5.893925817411381,7.238051560261123
2024-04-08,Morrisons,health_products,6.166958689458689,6.5659889855030364,5.893926114077928,7.238051856928145
2024-04-09,Morrisons,health_products,6.093033938978403,6.5659890589581265,5.893926187533004,7.238051930383249
2024-04-10,Morrisons,health_products,5.492111334002006,6.565989077145704,5.893926205720581,7.238051948570828
2024-04-11,Morrisons,health_products,6.182399293286219,6.565989081648973,5.893926210223849,7.2380519530740965
2024-04-12,Morrisons,health_products,6.140333333333333,6.565989082763988,5.893926211338864,7.238051954189111
2024-04-13,Morrisons,health_products,6.22695636494771,6.565989083040067,5.893926211614944,7.238051954465191
2024-03-29,Morrisons,fresh_food,2.5753532608695653,2.6147840756242444,2.4938472698381546,2.735720881410334
2024-03-30,Morrisons,fresh_food,2.560555789473684,2.6147840756242444,2.4938472698381546,2.735720881410334
2024-03-31,Morrisons,fresh_food,2.5677511415525114,2.6147840756242444,2.4938472698381546,2.735720881410334
2024-04-01,Morrisons,fresh_food,2.635919468659195,2.6147840756242444,2.4938472698381546,2.735720881410334
2024-04-02,Morrisons,fresh_food,2.6327632687447347,2.6147840756242444,2.4938472698381546,2.735720881410334
2024-04-03,Morrisons,fresh_food,2.64176399026764,2.6147840756242444,2.4938472698381546,2.735720881410334
2024-04-04,Morrisons,fresh_food,2.6595955725840783,2.6147840756242444,2.4938472698381546,2.735720881410334
2024-04-05,Morrisons,fresh_food,2.6391564222128023,2.6147840756242444,2.4938472698381546,2.735720881410334
2024-04-06,Morrisons,fresh_food,2.621800965466023,2.6147840756242444,2.4938472698381546,2.735720881410334
2024-04-07,Morrisons,fresh_food,2.639015088013412,2.6147840756242444,2.4938472698381546,2.735720881410334
2024-04-08,Morrisons,fresh_food,2.634970930232558,2.6147840756242444,2.4938472698381546,2.735720881410334
2024-04-09,Morrisons,fresh_food,2.6085115224782776,2.6147840756242444,2.4938472698381546,2.735720881410334
2024-04-10,Morrisons,fresh_food,2.4503945885005636,2.6147840756242444,2.4938472698381546,2.735720881410334
2024-04-11,Morrisons,fresh_food,2.6369632265717677,2.6147840756242444,2.4938472698381546,2.735720881410334
2024-04-12,Morrisons,fresh_food,2.651275167785235,2.6147840756242444,2.4938472698381546,2.735720881410334
2024-04-13,Morrisons,fresh_food,2.6223436885568225,2.6147840756242444,2.4938472698381546,2.735720881410334
2024-03-25,Sains,food_cupboard,2.3494338757735505,2.3099478822173793,2.1832735297804913,2.4366222346542674
2024-03-26,Sains,food_cupboard,2.334041208147975,2.3219452918934578,2.190270486931941,2.4536200968549746
2024-03-27,Sains,food_cupboard,2.3442992841409693,2.32921975267015,2.197023790507777,2.4614157148325226
2024-03-28,Sains,food_cupboard,2.2205465587044535,2.34807293570246,2.21578017115574,2.4803657002491803
2024-03-29,Sains,food_cupboard,2.347031212194532,2.354405883848454,2.222076870426566,2.486734897270342
2024-03-30,Sains,food_cupboard,2.136174294327213,2.3538307777924175,2.2214779331287913,2.4861836224560436
2024-03-31,Sains,food_cupboard,2.09260529986053,2.449766482893483,2.3173928423324957,2.58214012345447
2024-04-01,Sains,food_cupboard,2.3004661804661803,2.387672224090423,2.2452266645531047,2.530117783627741
2024-04-02,Sains,food_cupboard,2.088407475651487,2.372237359748665,2.2292395354160504,2.515235184081279
2024-04-03,Sains,food_cupboard,2.3190754560530684,2.3691831203677958,2.2261771470296674,2.512189093705924
2024-04-04,Sains,food_cupboard,2.3016239316239315,2.369413961648428,2.226411657733484,2.5124162655633726
2024-04-05,Sains,food_cupboard,2.0990664514393327,2.3705164677268122,2.2275116566793107,2.5135212787743137
2024-04-06,Sains,food_cupboard,2.098469387755102,2.3718502617393233,2.228840649139189,2.5148598743394577
2024-04-07,Sains,food_cupboard,2.3245535211267607,2.373245425797534,2.2302303568608584,2.5162604947342095
2024-04-08,Sains,food_cupboard,2.3101504513540623,2.3746568738116,2.2316361717206212,2.5176775759025785
2024-04-09,Sains,food_cupboard,2.297744854105406,2.376072642617923,2.2330462603954704,2.5190990248403757
2024-04-10,Sains,food_cupboard,2.337654623392529,2.37748955790523,2.234457483237454,2.5205216325730064
2024-04-11,Sains,food_cupboard,2.3098754113775266,2.3789067774003234,2.235869007185548,2.521944547615099
2024-04-12,Sains,food_cupboard,2.0816922219124616,2.3803240776140493,2.237280611195898,2.5233675440322005
2024-04-13,Sains,food_cupboard,2.343671117357695,2.3817413992456937,2.238692236616656,2.5247905618747315
2024-03-25,Sains,health_products,7.720410371199404,7.765589923441357,7.657926582338544,7.873253264544169
2024-03-26,Sains,health_products,7.689622024350354,7.789860796394029,7.668095857296395,7.911625735491663
2024-03-27,Sains,health_products,7.899002236366765,7.791938833309163,7.657543871463561,7.926333795154765
2024-03-28,Sains,health_products,7.980573959255978,7.785025696608554,7.63908971356972,7.930961679647388
2024-03-29,Sains,health_products,7.841696360879454,7.805369043430618,7.648740130002921,7.961997956858315
2024-03-30,Sains,health_products,7.730803773584906,7.809329477572226,7.642692380022489,7.975966575121963
2024-03-31,Sains,health_products,7.665981467473525,7.774433105543556,7.598355771629669,7.950510439457443
2024-04-01,Sains,health_products,7.9082806289960255,7.787897531264323,7.6107993103891,7.964995752139546
2024-04-02,Sains,health_products,7.70902199266911,7.787897531264323,7.607003832797289,7.968791229731358
2024-04-03,Sains,health_products,7.723115493899382,7.787897531264323,7.603286371111433,7.972508691417214
2024-04-04,Sains,health_products,7.573698681732579,7.787897531264323,7.59964230355229,7.976152758976356
2024-04-05,Sains,health_products,7.638583765112263,7.787897531264323,7.596067447417126,7.97972761511152
2024-04-06,Sains,health_products,7.653160852713178,7.787897531264323,7.592558002810054,7.983237059718593
2024-04-07,Sains,health_products,7.618066590995081,7.787897531264323,7.589110505317835,7.986684557210811
2024-04-08,Sains,health_products,7.755068541300527,7.787897531264323,7.585721785952075,7.990073276576571
2024-04-09,Sains,health_products,7.640557240333586,7.787897531264323,7.582388937038981,7.993406125489665
2024-04-10,Sains,health_products,7.636542832909245,7.787897531264323,7.579109283011722,7.996685779516924
2024-04-11,Sains,health_products,7.575493333333332,7.787897531264323,7.575880355270718,7.999914707257928
2024-04-12,Sains,health_products,7.549305711086226,7.787897531264323,7.572699870440102,8.003095192088544
2024-04-13,Sains,health_products,7.595164561806353,7.787897531264323,7.569565711475888,8.00622935105276
2024-03-25,Sains,fresh_food,3.1202946878635127,2.954548608735911,2.8513253091672772,3.0577719083045447
2024-03-26,Sains,fresh_food,2.9200262209111765,2.9980518192586496,2.8947747475851777,3.1013288909321215
2024-03-27,Sains,fresh_food,2.9368118237001846,2.9451273673396767,2.8410167333311405,3.049238001348213
2024-03-28,Sains,fresh_food,2.994775888717156,2.9160524569584423,2.811779521226193,3.0203253926906917
2024-03-29,Sains,fresh_food,2.9608971061093246,3.0308479571104985,2.9248607767952417,3.1368351374257553
2024-03-30,Sains,fresh_food,2.97118321979204,3.0230707770062244,2.916644367872201,3.129497186140248
2024-03-31,Sains,fresh_food,2.952422176104358,2.961711199065926,2.854420870514663,3.069001527617189
2024-04-01,Sains,fresh_food,2.9609216192937122,2.9647382224813885,2.848766663505922,3.080709781456855
2024-04-02,Sains,fresh_food,3.0573538255930504,2.978186939320834,2.861402502359484,3.094971376282184
2024-04-03,Sains,fresh_food,2.9763683589138137,2.9704473732856123,2.853672147088249,3.0872225994829754
2024-04-04,Sains,fresh_food,2.9942876854087617,2.9723769465393937,2.8553507561664264,3.089403136912361
2024-04-05,Sains,fresh_food,3.0000387897595036,2.971482701100065,2.8543898550697153,3.088575547130415
2024-04-06,Sains,fresh_food,2.8443615844213324,2.97481783507464,2.8576390232355666,3.0919966469137132
2024-04-07,Sains,fresh_food,2.948958742632613,2.972836331147011,2.8556389848807635,3.090033677413259
2024-04-08,Sains,fresh_food,2.9710248829761023,2.9758857144876756,2.858596954010741,3.09317447496461
2024-04-09,Sains,fresh_food,3.0106870229007634,2.9746202674662676,2.8573096381157344,3.091930896816801
2024-04-10,Sains,fresh_food,2.8191276781810233,2.9773010385278145,2.8599137348123866,3.0946883422432423
2024-04-11,Sains,fresh_food,3.08088347826087,2.9762639831712887,2.858852408865925,3.0936755574766526
2024-04-12,Sains,fresh_food,2.879922090977632,2.9787139274191397,2.861229530445752,3.0961983243925273
2024-04-13,Sains,fresh_food,2.9424883177570096,2.9779314909146977,2.860420474045916,3.0954425077834795
2024-03-25,Tesco,food_cupboard,2.163682846778373,2.1650312484439165,2.137062676946137,2.192999819941696
2024-03-26,Tesco,food_cupboard,2.134309606363451,2.1676205370897303,2.136920609160813,2.198320465018648
2024-03-27,Tesco,food_cupboard,2.1122140077821014,2.170590576049567,2.13749557159376,2.203685580505374
2024-03-28,Tesco,food_cupboard,2.1014731467473524,2.1730174454878695,2.1384154703059943,2.2076194206697446
2024-03-29,Tesco,food_cupboard,2.0783968221633735,2.175000481855477,2.139427856597843,2.2105731071131114
2024-03-30,Tesco,food_cupboard,2.146408636124276,2.176620854658888,2.140414630115272,2.2128270792025035
2024-03-31,Tesco,food_cupboard,2.0715205133190744,2.1779448888848467,2.141321724839864,2.2145680529298293
2024-04-01,Tesco,food_cupboard,2.0667636621717533,2.179026779810083,2.1421278563115935,2.2159257033085726
2024-04-02,Tesco,food_cupboard,2.074125266146203,2.179910811318605,2.142828910355675,2.2169927122815354
2024-04-03,Tesco,food_cupboard,2.066298550205835,2.1806331685265548,2.143429598148189,2.2178367389049205
2024-04-04,Tesco,food_cupboard,2.0669622742714107,2.1812234189088615,2.1439388333107297,2.2185080045069934
2024-04-05,Tesco,food_cupboard,2.0839416189111746,2.181705722553069,2.1443671425571385,2.2190443025489994
2024-04-06,Tesco,food_cupboard,2.0800742968335397,2.1820998210783533,2.1447252335174003,2.2194744086393063
2024-04-07,Tesco,food_cupboard,2.075328493005135,2.1824218456981064,2.1450232358981403,2.2198204554980725
2024-04-08,Tesco,food_cupboard,2.0886789445723393,2.1826849775016375,2.145270337113926,2.220099617889349
2024-04-09,Tesco,food_cupboard,2.0762185618136733,2.1828999869816044,2.1454746471098183,2.2203253268533905
2024-04-10,Tesco,food_cupboard,2.0875437047501326,2.183075674891067,2.145643192887696,2.2205081568944385
2024-04-11,Tesco,food_cupboard,2.087061109148711,2.183219232475301,2.1457819825702806,2.2206564823803214
2024-04-12,Tesco,food_cupboard,2.08993993993994,2.1833365358233463,2.145896102822579,2.2207769688241137
2024-04-13,Tesco,food_cupboard,2.106243532889874,2.183432386387676,2.1459898282473864,2.2208749445279654
2024-03-25,Tesco,health_products,7.330046583850931,7.311524523728266,7.132474237901908,7.490574809554623
2024-03-26,Tesco,health_products,7.335781057810578,7.315761373383408,7.132036596910282,7.4994861498565335
2024-03-27,Tesco,health_products,7.228957468879668,7.31999822303855,7.131714973317021,7.508281472760079
2024-03-28,Tesco,health_products,7.120334975369459,7.324235072693693,7.131501134941932,7.516969010445453
2024-03-29,Tesco,health_products,7.226627488606381,7.328471922348835,7.131387779412628,7.525556065285042
2024-03-30,Tesco,health_products,7.333060170633139,7.332708772003977,7.131368393459337,7.534049150548618
2024-03-31,Tesco,health_products,7.584275741710297,7.33694562165912,7.131437138456847,7.542454104861393
2024-04-01,Tesco,health_products,7.287272928666371,7.341182471314262,7.131588756466468,7.550776186162056
2024-04-02,Tesco,health_products,7.3018183831672205,7.3454193209694045,7.131818492461418,7.559020149477391
2024-04-03,Tesco,health_products,7.278893756845564,7.349656170624547,7.132122029453791,7.5671903117953025
2024-04-04,Tesco,health_products,7.291889108042954,7.353893020279689,7.132495433999943,7.575290606559435
2024-04-05,Tesco,health_products,7.298356890459364,7.358129869934832,7.1329351101243565,7.583324629745307
2024-04-06,Tesco,health_products,7.252260620735196,7.362366719589974,7.13343776012504,7.591295679054908
2024-04-07,Tesco,health_products,7.262799381352187,7.366603569245116,7.134000351044471,7.599206787445762
2024-04-08,Tesco,health_products,7.266772123893805,7.370840418900259,7.134620085836196,7.607060751964322
2024-04-09,Tesco,health_products,7.285050884955752,7.375077268555401,7.135294378447503,7.6148601586633
2024-04-10,Tesco,health_products,7.275337237041857,7.3793141182105435,7.136020832187077,7.62260740423401
2024-04-11,Tesco,health_products,7.269757102580785,7.383550967865686,7.136797220863343,7.6303047148680285
2024-04-12,Tesco,health_products,7.267290748898678,7.387787817520828,7.137621472271721,7.637954162769936
2024-04-13,Tesco,health_products,7.100413059609202,7.392024667175971,7.138491653682864,7.645557680669077
2024-03-25,Tesco,fresh_food,2.800851940913775,2.7957857069010665,2.7221123813832278,2.8694590324189053
2024-03-26,Tesco,fresh_food,2.729515599343186,2.816838020069214,2.736160129734083,2.897515910404345
2024-03-27,Tesco,fresh_food,2.7853907669938205,2.8200900580467287,2.738635973295145,2.9015441427983126
2024-03-28,Tesco,fresh_food,2.7967289402173914,2.825622038549448,2.7440596075627135,2.907184469536183
2024-03-29,Tesco,fresh_food,2.797147147147147,2.8281708931498017,2.74657415173683,2.9097676345627734
2024-03-30,Tesco,fresh_food,2.7855664335664336,2.8294620608284706,2.74784137189415,2.9110827497627914
2024-03-31,Tesco,fresh_food,2.805693813351975,2.826764182926184,2.7451208944174907,2.908407471434877
2024-04-01,Tesco,fresh_food,2.8205159538357094,2.8294439577128667,2.7475841350493164,2.911303780376417
2024-04-02,Tesco,fresh_food,2.817302341364099,2.8317852365048912,2.7498389926013393,2.913731480408443
2024-04-03,Tesco,fresh_food,2.7524530831099194,2.8332022610557566,2.7512161670374042,2.915188355074109
2024-04-04,Tesco,fresh_food,2.7777161716171617,2.8347379370327275,2.7527236316970205,2.9167522423684344
2024-04-05,Tesco,fresh_food,2.7995513459621137,2.836118672532051,2.7540788157764493,2.9181585292876524
2024-04-06,Tesco,fresh_food,2.8411544715447152,2.837434074258577,2.755369189044245,2.919498959472909
2024-04-07,Tesco,fresh_food,2.865707792207792,2.8385422231017436,2.7564523892391986,2.9206320569642887
2024-04-08,Tesco,fresh_food,2.8345735923608824,2.8399297728675488,2.7578090699495204,2.922050475785577
2024-04-09,Tesco,fresh_food,2.835319289005925,2.841299735712626,2.759151540575759,2.9234479308494934
2024-04-10,Tesco,fresh_food,2.81537176547658,2.8426216780604485,2.760447721340483,2.924795634780414
2024-04-11,Tesco,fresh_food,2.8181278688524594,2.843949785042082,2.7617506163354686,2.926148953748695
2024-04-12,Tesco,fresh_food,2.8178341625207297,2.8452698419481415,2.7630456032329644,2.9274940806633185
2024-04-13,Tesco,fresh_food,2.8034860828241683,2.846586504378206,2.7643372299415874,2.928835778814825
