date,supermarket,brand_type,actual_prices,forecasted_prices,min_expected_price,max_expected_price
2024-03-25,Aldi,Own Brand: False,2.259178113037604,2.1971985799515212,2.127886615835258,2.2665105440677844
2024-03-26,Aldi,Own Brand: False,2.2316742493175616,2.205593998382319,2.1361448892155632,2.2750431075490747
2024-03-27,Aldi,Own Brand: False,2.259340861949758,2.206568998133225,2.136892450326534,2.276245545939916
2024-03-28,Aldi,Own Brand: False,2.2471389952692045,2.2075439978841307,2.1376407514326234,2.277447244335638
2024-03-29,Aldi,Own Brand: False,2.2637424681990628,2.2085189976350366,2.1383897853575395,2.2786482099125336
2024-03-30,Aldi,Own Brand: False,2.2637804061593396,2.2094939973859424,2.1391395450402357,2.279848449731649
2024-03-31,Aldi,Own Brand: False,2.2499933377748165,2.2104689971368483,2.1398900235323364,2.2810479707413602
2024-04-01,Aldi,Own Brand: False,2.1810976722957554,2.211443996887754,2.1406412139956355,2.282246779779873
2024-04-02,Aldi,Own Brand: False,2.162010618651893,2.21241899663866,2.141393109699667,2.283444883577653
2024-04-03,Aldi,Own Brand: False,2.15026474686484,2.213393996389566,2.1421457040193435,2.2846422887597884
2024-04-04,Aldi,Own Brand: False,2.1652514484356895,2.214368996140472,2.142898990432659,2.2858390018482844
2024-04-05,Aldi,Own Brand: False,2.1588558352402747,2.2153439958913776,2.1436529625184595,2.287035029264296
2024-04-06,Aldi,Own Brand: False,2.168510783200908,2.2163189956422835,2.1444076139542716,2.2882303773302954
2024-04-07,Aldi,Own Brand: False,2.162004989793604,2.2172939953931894,2.145162938514193,2.2894250522721857
2024-04-08,Aldi,Own Brand: False,2.1631850330823634,2.2182689951440953,2.1459189300668395,2.290619060221351
2024-04-09,Aldi,Own Brand: False,2.1621782628467487,2.219243994895001,2.1466755825733497,2.2918124072166526
2024-04-10,Aldi,Own Brand: False,2.1474319887429645,2.220218994645907,2.1474328900854394,2.2930050992063746
2024-04-11,Aldi,Own Brand: False,2.144237804878049,2.221193994396813,2.148190846743514,2.2941971420501117
2024-04-12,Aldi,Own Brand: False,2.233458470201783,2.2221689941477187,2.1489494467748247,2.295388541520613
2024-04-13,Aldi,Own Brand: False,2.13302560488607,2.2231439938986246,2.149708684491681,2.296579303305568
2024-03-25,Aldi,Own Brand: True,2.697089151450054,2.5358597239361527,2.3186185072324648,2.7531009406398406
2024-03-26,Aldi,Own Brand: True,2.684412081984897,2.5358597239361527,2.310906983143116,2.7608124647291894
2024-03-27,Aldi,Own Brand: True,2.666641386782232,2.5358597239361527,2.3034511936587556,2.7682682542135497
2024-03-28,Aldi,Own Brand: True,2.655182795698925,2.5358597239361527,2.2962272672423647,2.7754921806299406
2024-03-29,Aldi,Own Brand: True,2.6832540540540544,2.5358597239361527,2.289214830097864,2.7825046177744412
2024-03-30,Aldi,Own Brand: True,2.680627705627706,2.5358597239361527,2.2823963281333244,2.789323119738981
2024-03-31,Aldi,Own Brand: True,2.6818054054054055,2.5358597239361527,2.275756509101538,2.795962938770767
2024-04-01,Aldi,Own Brand: True,2.5758042744656917,2.5358597239361527,2.2692820209625126,2.8024374269097927
2024-04-02,Aldi,Own Brand: True,2.4198265895953757,2.5358597239361527,2.26296109609405,2.8087583517782555
2024-04-03,Aldi,Own Brand: True,2.409113185530922,2.5358597239361527,2.2567832999345843,2.814936147937721
2024-04-04,Aldi,Own Brand: True,2.483247962747381,2.5358597239361527,2.2507393286837196,2.8209801191885857
2024-04-05,Aldi,Own Brand: True,2.5030205949656747,2.5358597239361527,2.2448208448421316,2.8268986030301737
2024-04-06,Aldi,Own Brand: True,2.5182924107142854,2.5358597239361527,2.239020342283878,2.832699105588427
2024-04-07,Aldi,Own Brand: True,2.5128329571106094,2.5358597239361527,2.2333310346270143,2.838388413245291
2024-04-08,Aldi,Own Brand: True,2.5128329571106094,2.5358597239361527,2.227746762166438,2.843972685705867
2024-04-09,Aldi,Own Brand: True,2.512607223476298,2.5358597239361527,2.2222619137303,2.8494575341420054
2024-04-10,Aldi,Own Brand: True,2.401298245614035,2.5358597239361527,2.2168713606353787,2.8548480872369266
2024-04-11,Aldi,Own Brand: True,2.4010588235294117,2.5358597239361527,2.211570400527708,2.8601490473445974
2024-04-12,Aldi,Own Brand: True,2.381703877790834,2.5358597239361527,2.206354709358062,2.865364738514243
2024-04-13,Aldi,Own Brand: True,2.4044795321637427,2.5358597239361527,2.2012203000968387,2.8704991477754667
2024-03-25,ASDA,Own Brand: False,6.2503556078591895,6.331956079877937,5.7798111920120165,6.884100967743858
2024-03-26,ASDA,Own Brand: False,6.2297061501112685,6.355702822080443,5.706435815170134,7.004969828990752
2024-03-27,ASDA,Own Brand: False,6.290796150023539,6.355702822080443,5.706435815170134,7.004969828990752
2024-03-28,ASDA,Own Brand: False,6.221307821484912,6.355702822080443,5.706435815170134,7.004969828990752
2024-03-29,ASDA,Own Brand: False,6.250537612635416,6.355702822080443,5.706435815170134,7.004969828990752
2024-03-30,ASDA,Own Brand: False,6.21541054014451,6.355702822080443,5.706435815170134,7.004969828990752
2024-03-31,ASDA,Own Brand: False,6.224822629969419,6.355702822080443,5.706435815170134,7.004969828990752
2024-04-01,ASDA,Own Brand: False,6.196017121891561,6.355702822080443,5.706435815170134,7.004969828990752
2024-04-02,ASDA,Own Brand: False,6.224357409462322,6.355702822080443,5.706435815170134,7.004969828990752
2024-04-03,ASDA,Own Brand: False,6.19673517624088,6.355702822080443,5.706435815170134,7.004969828990752
2024-04-04,ASDA,Own Brand: False,6.23902805813484,6.355702822080443,5.706435815170134,7.004969828990752
2024-04-05,ASDA,Own Brand: False,6.2395786445980725,6.355702822080443,5.706435815170134,7.004969828990752
2024-04-06,ASDA,Own Brand: False,6.274442247236589,6.355702822080443,5.706435815170134,7.004969828990752
2024-04-07,ASDA,Own Brand: False,6.238651633686148,6.355702822080443,5.706435815170134,7.004969828990752
2024-04-08,ASDA,Own Brand: False,6.26589858728557,6.355702822080443,5.706435815170134,7.004969828990752
2024-04-09,ASDA,Own Brand: False,6.283648826386078,6.355702822080443,5.706435815170134,7.004969828990752
2024-04-10,ASDA,Own Brand: False,6.247121404292019,6.355702822080443,5.706435815170134,7.004969828990752
2024-04-11,ASDA,Own Brand: False,6.24087524692296,6.355702822080443,5.706435815170134,7.004969828990752
2024-04-12,ASDA,Own Brand: False,6.263369730057628,6.355702822080443,5.706435815170134,7.004969828990752
2024-04-13,ASDA,Own Brand: False,6.269669680286883,6.355702822080443,5.706435815170134,7.004969828990752
2024-03-25,ASDA,Own Brand: True,4.363878036563987,4.4135002260518785,3.9293248974034976,4.8976755547002595
2024-03-26,ASDA,Own Brand: True,4.347876558603492,4.45291631227666,3.8683876273057693,5.03744499724755
2024-03-27,ASDA,Own Brand: True,4.357795820745217,4.45291631227666,3.8683876273057693,5.03744499724755
2024-03-28,ASDA,Own Brand: True,4.372250501504514,4.45291631227666,3.8683876273057693,5.03744499724755
2024-03-29,ASDA,Own Brand: True,4.3691657313879535,4.45291631227666,3.8683876273057693,5.03744499724755
2024-03-30,ASDA,Own Brand: True,4.355168805282173,4.45291631227666,3.8683876273057693,5.03744499724755
2024-03-31,ASDA,Own Brand: True,4.306281432562866,4.45291631227666,3.8683876273057693,5.03744499724755
2024-04-01,ASDA,Own Brand: True,4.347931470476672,4.45291631227666,3.8683876273057693,5.03744499724755
2024-04-02,ASDA,Own Brand: True,4.375131644934805,4.45291631227666,3.8683876273057693,5.03744499724755
2024-04-03,ASDA,Own Brand: True,4.3863534166982445,4.45291631227666,3.8683876273057693,5.03744499724755
2024-04-04,ASDA,Own Brand: True,4.330412797992472,4.45291631227666,3.8683876273057693,5.03744499724755
2024-04-05,ASDA,Own Brand: True,4.315033860045147,4.45291631227666,3.8683876273057693,5.03744499724755
2024-04-06,ASDA,Own Brand: True,4.315316153362665,4.45291631227666,3.8683876273057693,5.03744499724755
2024-04-07,ASDA,Own Brand: True,4.29888554594459,4.45291631227666,3.8683876273057693,5.03744499724755
2024-04-08,ASDA,Own Brand: True,4.273650314465408,4.45291631227666,3.8683876273057693,5.03744499724755
2024-04-09,ASDA,Own Brand: True,4.271963723390855,4.45291631227666,3.8683876273057693,5.03744499724755
2024-04-10,ASDA,Own Brand: True,4.28385068270074,4.45291631227666,3.8683876273057693,5.03744499724755
2024-04-11,ASDA,Own Brand: True,4.273359511343805,4.45291631227666,3.8683876273057693,5.03744499724755
2024-04-12,ASDA,Own Brand: True,4.267246594175727,4.45291631227666,3.8683876273057693,5.03744499724755
2024-04-13,ASDA,Own Brand: True,4.260457434874735,4.45291631227666,3.8683876273057693,5.03744499724755
2024-03-29,Morrisons,Own Brand: False,4.924044559295991,4.983477605457886,4.460285274130396,5.506669936785376
2024-03-30,Morrisons,Own Brand: False,4.920379180075556,4.983477605457886,4.44734017543567,5.519615035480102
2024-03-31,Morrisons,Own Brand: False,4.928944347217361,4.983477605457886,4.434700353577162,5.532254857338611
2024-04-01,Morrisons,Own Brand: False,4.893662482566248,4.983477605457886,4.422345178581046,5.5446100323347265
2024-04-02,Morrisons,Own Brand: False,4.901870122630992,4.983477605457886,4.410256244373335,5.556698966542437
2024-04-03,Morrisons,Own Brand: False,4.968873061539541,4.983477605457886,4.398417046955983,5.568538163959789
2024-04-04,Morrisons,Own Brand: False,4.958052524114624,4.983477605457886,4.386812720094677,5.580142490821095
2024-04-05,Morrisons,Own Brand: False,4.950019708594354,4.983477605457886,4.375429816434339,5.591525394481433
2024-04-06,Morrisons,Own Brand: False,4.951968897333051,4.983477605457886,4.364256124849084,5.602699086066688
2024-04-07,Morrisons,Own Brand: False,4.96073788468341,4.983477605457886,4.353280516954385,5.6136746939613875
2024-04-08,Morrisons,Own Brand: False,4.950121038270482,4.983477605457886,4.342492817284858,5.624462393630915
2024-04-09,Morrisons,Own Brand: False,4.946287952987268,4.983477605457886,4.33188369282506,5.6350715180907125
2024-04-10,Morrisons,Own Brand: False,3.894069547254261,4.983477605457886,4.321444558479801,5.645510652435972
2024-04-11,Morrisons,Own Brand: False,4.953967975279163,4.983477605457886,4.311167495759973,5.6557877151558
2024-04-12,Morrisons,Own Brand: False,4.933680770312061,4.983477605457886,4.301045182493565,5.665910028422207
2024-04-13,Morrisons,Own Brand: False,4.965084745762711,4.983477605457886,4.291070831788039,5.675884379127734
2024-03-29,Morrisons,Own Brand: True,2.6841551459293393,2.7868674026528373,2.182331328093804,3.3914034772118704
2024-03-30,Morrisons,Own Brand: True,2.666834403080873,2.8397695326977606,2.0661567967658017,3.6133822686297195
2024-03-31,Morrisons,Own Brand: True,2.6891252231573577,2.8681177969151213,2.000713066395951,3.7355225274342914
2024-04-01,Morrisons,Own Brand: True,2.6888031576266873,2.9004202740355494,1.9740432746170795,3.8267972734540194
2024-04-02,Morrisons,Own Brand: True,2.683385204081633,2.921263601246502,1.9547965933529992,3.887730609140005
2024-04-03,Morrisons,Own Brand: True,2.71127588851956,2.9783886995698743,1.9829197918721042,3.9738576072676444
2024-04-04,Morrisons,Own Brand: True,2.7056016385048642,3.1113548437736482,2.093742814950335,4.128966872596962
2024-04-05,Morrisons,Own Brand: True,2.71570220399795,3.1424661457339402,2.0522270719709566,4.232705219496924
2024-04-06,Morrisons,Own Brand: True,2.7081725888324875,3.1655507988412395,2.0247762911921785,4.306325306490301
2024-04-07,Morrisons,Own Brand: True,2.7048178343949045,3.18267966120015,2.0044793003867447,4.360880022013555
2024-04-08,Morrisons,Own Brand: True,2.6908008161183368,3.1953893139875134,1.9879636420638458,4.402814985911181
2024-04-09,Morrisons,Own Brand: True,2.6978591477417706,3.2048199037482688,1.9735043226261717,4.436135484870366
2024-04-10,Morrisons,Own Brand: True,2.5515686274509806,3.2118174216760673,1.9601943164536213,4.463440526898514
2024-04-11,Morrisons,Own Brand: True,2.7039139344262293,3.217009595059923,1.9475484014631426,4.486470788656703
2024-04-12,Morrisons,Own Brand: True,2.705960010253781,3.2208621989011976,1.935304099612272,4.506420298190124
2024-04-13,Morrisons,Own Brand: True,2.701575148234081,3.2237208392547636,1.9233184002732466,4.524123278236281
2024-03-25,Sains,Own Brand: False,6.15650264813725,6.1834217458560445,6.073988925640013,6.2928545660720765
2024-03-26,Sains,Own Brand: False,6.150680402055761,6.185559009133145,6.0749183305158585,6.296199687750432
2024-03-27,Sains,Own Brand: False,6.150277234032868,6.187696272410246,6.075860779880578,6.299531764939914
2024-03-28,Sains,Own Brand: False,6.152682648401827,6.189833535687347,6.076815860017509,6.3028512113571855
2024-03-29,Sains,Own Brand: False,6.186728751192477,6.191970798964448,6.077783178627249,6.306158419301647
2024-03-30,Sains,Own Brand: False,6.190406467142013,6.194108062241549,6.07876236330686,6.309453761176237
2024-03-31,Sains,Own Brand: False,6.1655431207747124,6.19624532551865,6.079753060165145,6.312737590872154
2024-04-01,Sains,Own Brand: False,6.17741423474522,6.19838258879575,6.080754932559427,6.316010245032074
2024-04-02,Sains,Own Brand: False,6.179109892620517,6.200519852072851,6.0817676599410415,6.319272044204661
2024-04-03,Sains,Own Brand: False,6.179348947632744,6.202657115349952,6.082790936798328,6.322523293901576
2024-04-04,Sains,Own Brand: False,6.1701518477863155,6.204794378627053,6.0838244716872305,6.325764285566875
2024-04-05,Sains,Own Brand: False,6.1280287908752245,6.206931641904154,6.084867986340801,6.3289952974675066
2024-04-06,Sains,Own Brand: False,6.12877899990757,6.209068905181255,6.085921214849895,6.332216595512614
2024-04-07,Sains,Own Brand: False,6.129868993611702,6.2112061684583555,6.086983902908222,6.335428434008489
2024-04-08,Sains,Own Brand: False,6.130834875971861,6.213343431735456,6.0880558071156745,6.338631056355238
2024-04-09,Sains,Own Brand: False,5.987147055989207,6.215480695012557,6.08913669433454,6.341824695690574
2024-04-10,Sains,Own Brand: False,6.136642507617026,6.217617958289658,6.09022634109376,6.345009575485556
2024-04-11,Sains,Own Brand: False,6.122779112221369,6.219755221566759,6.09132453303693,6.348185910096587
2024-04-12,Sains,Own Brand: False,6.137803427934413,6.22189248484386,6.0924310644101825,6.351353905277537
2024-04-13,Sains,Own Brand: False,6.136466614224237,6.2240297481209605,6.093545737586471,6.35451375865545
2024-03-25,Sains,Own Brand: True,3.357549214100412,3.3750470656537193,3.2971244467409297,3.4529696845665088
2024-03-26,Sains,Own Brand: True,3.3432620732082436,3.3750470656537193,3.293690184530365,3.4564039467770735
2024-03-27,Sains,Own Brand: True,3.3475822317860433,3.3750470656537193,3.290395133165374,3.4596989981420645
2024-03-28,Sains,Own Brand: True,3.3591671788567914,3.3750470656537193,3.287223622075691,3.4628705092317476
2024-03-29,Sains,Own Brand: True,3.3644730354391372,3.3750470656537193,3.284162717112318,3.4659314141951203
2024-03-30,Sains,Own Brand: True,3.3489818796068795,3.3750470656537193,3.281201594917585,3.4688925363898537
2024-03-31,Sains,Own Brand: True,3.3366708210001557,3.3750470656537193,3.278331090005544,3.4717630413018945
2024-04-01,Sains,Own Brand: True,3.3418481487267613,3.3750470656537193,3.2755433596248973,3.4745507716825412
2024-04-02,Sains,Own Brand: True,3.358030845926157,3.3750470656537193,3.2728316310004244,3.477262500307014
2024-04-03,Sains,Own Brand: True,3.378186488169365,3.3750470656537193,3.2701900074780594,3.479904123829379
2024-04-04,Sains,Own Brand: True,3.3737129876233745,3.3750470656537193,3.267613317617334,3.4824808136901044
2024-04-05,Sains,Own Brand: True,3.3650015787811807,3.3750470656537193,3.2650969961447043,3.4849971351627342
2024-04-06,Sains,Own Brand: True,3.367154419933344,3.3750470656537193,3.2626369889126683,3.4874571423947702
2024-04-07,Sains,Own Brand: True,3.375188888888889,3.3750470656537193,3.260229676200637,3.4898644551068014
2024-04-08,Sains,Own Brand: True,3.372903840050778,3.3750470656537193,3.2578718102082433,3.492222321099195
2024-04-09,Sains,Own Brand: True,3.126393878908849,3.3750470656537193,3.255560463657494,3.4945336676499443
2024-04-10,Sains,Own Brand: True,3.357486647816525,3.3750470656537193,3.2532929871820064,3.496801144125432
2024-04-11,Sains,Own Brand: True,3.3691030166880616,3.3750470656537193,3.251066973734138,3.4990271575733005
2024-04-12,Sains,Own Brand: True,3.355906441959364,3.3750470656537193,3.248880228647002,3.5012139026604365
2024-04-13,Sains,Own Brand: True,3.3564606741573035,3.3750470656537193,3.2467307442905686,3.50336338701687
2024-03-25,Tesco,Own Brand: False,5.841914048010174,5.759881349326946,5.37141229943419,6.148350399219702
2024-03-26,Tesco,Own Brand: False,5.889588767477382,5.759881349326946,5.37141229943419,6.148350399219702
2024-03-27,Tesco,Own Brand: False,5.781381448122588,5.759881349326946,5.37141229943419,6.148350399219702
2024-03-28,Tesco,Own Brand: False,5.703259977194983,5.759881349326946,5.37141229943419,6.148350399219702
2024-03-29,Tesco,Own Brand: False,5.79387875220718,5.759881349326946,5.37141229943419,6.148350399219702
2024-03-30,Tesco,Own Brand: False,5.80821052631579,5.759881349326946,5.37141229943419,6.148350399219702
2024-03-31,Tesco,Own Brand: False,5.888374467588541,5.759881349326946,5.37141229943419,6.148350399219702
2024-04-01,Tesco,Own Brand: False,5.848034666666666,5.759881349326946,5.37141229943419,6.148350399219702
2024-04-02,Tesco,Own Brand: False,5.849150490614335,5.759881349326946,5.37141229943419,6.148350399219702
2024-04-03,Tesco,Own Brand: False,5.846914282675742,5.759881349326946,5.37141229943419,6.148350399219702
2024-04-04,Tesco,Own Brand: False,5.841726979766496,5.759881349326946,5.37141229943419,6.148350399219702
2024-04-05,Tesco,Own Brand: False,5.838732976524827,5.759881349326946,5.37141229943419,6.148350399219702
2024-04-06,Tesco,Own Brand: False,5.843705387828478,5.759881349326946,5.37141229943419,6.148350399219702
2024-04-07,Tesco,Own Brand: False,5.805367429055485,5.759881349326946,5.37141229943419,6.148350399219702
2024-04-08,Tesco,Own Brand: False,5.8352549455199405,5.759881349326946,5.37141229943419,6.148350399219702
2024-04-09,Tesco,Own Brand: False,5.827205267890199,5.759881349326946,5.37141229943419,6.148350399219702
2024-04-10,Tesco,Own Brand: False,5.843210357349613,5.759881349326946,5.37141229943419,6.148350399219702
2024-04-11,Tesco,Own Brand: False,5.838926973095351,5.759881349326946,5.37141229943419,6.148350399219702
2024-04-12,Tesco,Own Brand: False,5.8373150641533345,5.759881349326946,5.37141229943419,6.148350399219702
2024-04-13,Tesco,Own Brand: False,5.832078887088665,5.759881349326946,5.37141229943419,6.148350399219702
2024-03-25,Tesco,Own Brand: True,4.057074085182963,4.008709567861731,3.745063759742837,4.272355375980624
2024-03-26,Tesco,Own Brand: True,4.1174850597609565,4.008709567861731,3.7330339477035124,4.284385188019949
2024-03-27,Tesco,Own Brand: True,3.875685990338164,4.008709567861731,3.7215075780347586,4.295911557688703
2024-03-28,Tesco,Own Brand: True,3.9377181528662417,4.008709567861731,3.710426282424001,4.306992853299461
2024-03-29,Tesco,Own Brand: True,3.9955423838908737,4.008709567861731,3.6997421686389647,4.3176769670844966
2024-03-30,Tesco,Own Brand: True,4.017236273904997,4.008709567861731,3.6894153631015536,4.328003772621908
2024-03-31,Tesco,Own Brand: True,4.067113801452785,4.008709567861731,3.6794122484004452,4.338006887323016
2024-04-01,Tesco,Own Brand: True,4.032963073257892,4.008709567861731,3.6697041696519945,4.347714966071467
2024-04-02,Tesco,Own Brand: True,4.0356685527099465,4.008709567861731,3.660266465725534,4.357152669997927
2024-04-03,Tesco,Own Brand: True,4.008656873032529,4.008709567861731,3.651077730859976,4.366341404863485
2024-04-04,Tesco,Own Brand: True,4.127592455072033,4.008709567861731,3.642119243046408,4.375299892677053
2024-04-05,Tesco,Own Brand: True,4.177160237388724,4.008709567861731,3.633374515329786,4.384044620393675
2024-04-06,Tesco,Own Brand: True,4.03834440017707,4.008709567861731,3.6248289391890776,4.392590196534384
2024-04-07,Tesco,Own Brand: True,4.063857588821168,4.008709567861731,3.6164694979032097,4.4009496378202515
2024-04-08,Tesco,Own Brand: True,4.060060785767235,4.008709567861731,3.6082845338141336,4.409134601909328
2024-04-09,Tesco,Own Brand: True,4.062128984432913,4.008709567861731,3.6002635575948005,4.417155578128661
2024-04-10,Tesco,Own Brand: True,4.056029389936174,4.008709567861731,3.5923970906118563,4.425022045111605
2024-04-11,Tesco,Own Brand: True,4.06163922266726,4.008709567861731,3.5846765336239708,4.4327426020994904
2024-04-12,Tesco,Own Brand: True,4.066655274888559,4.008709567861731,3.577094056629992,4.440325079093469
2024-04-13,Tesco,Own Brand: True,4.0569993904297466,4.008709567861731,3.569642505846383,4.447776629877078
